,LastSeen
0,2018-06-11 08:16:00
1,2018-06-11 10:38:00
2,2018-06-11 11:47:00
3,2018-06-11 14:22:00
4,2018-06-11 15:44:00
5,2018-06-11 16:29:00
6,2018-06-12 08:19:00
7,2018-06-12 10:36:00
8,2018-06-12 11:07:00
9,2018-06-12 14:09:00
10,2018-06-12 15:01:00
11,2018-06-12 16:11:00
12,2018-06-13 08:44:00
13,2018-06-13 10:45:00
14,2018-06-13 11:41:00
15,2018-06-13 14:46:00
16,2018-06-13 15:45:00
17,2018-06-13 16:27:00
18,2018-06-14 08:09:00
19,2018-06-14 10:44:00
20,2018-06-14 11:35:00
21,2018-06-14 14:33:00
22,2018-06-14 15:21:00
23,2018-06-14 16:13:00
24,2018-06-15 08:11:00
25,2018-06-15 10:24:00
26,2018-06-15 11:31:00
27,2018-06-15 14:25:00
28,2018-06-15 15:18:00
29,2018-06-15 16:40:00
30,2018-06-18 08:38:00
31,2018-06-18 10:11:00
32,2018-06-18 11:42:00
33,2018-06-18 14:05:00
34,2018-06-18 15:14:00
35,2018-06-18 16:17:00
36,2018-06-19 08:27:00
37,2018-06-19 10:07:00
38,2018-06-19 11:12:00
39,2018-06-19 14:45:00
40,2018-06-19 15:34:00
41,2018-06-19 16:32:00
42,2018-06-20 08:23:00
43,2018-06-20 10:49:00
44,2018-06-20 11:08:00
45,2018-06-20 14:03:00
46,2018-06-20 15:21:00
47,2018-06-20 16:45:00
48,2018-06-21 08:16:00
49,2018-06-21 10:10:00
50,2018-06-21 11:39:00
51,2018-06-21 14:18:00
52,2018-06-21 15:10:00
53,2018-06-21 16:42:00
54,2018-06-22 08:10:00
55,2018-06-22 10:14:00
56,2018-06-22 11:18:00
57,2018-06-22 14:28:00
58,2018-06-22 15:09:00
59,2018-06-22 16:22:00
60,2018-06-25 08:31:00
61,2018-06-25 10:31:00
62,2018-06-25 11:33:00
63,2018-06-25 14:18:00
64,2018-06-25 15:12:00
65,2018-06-25 16:34:00
66,2018-06-26 08:43:00
67,2018-06-26 10:16:00
68,2018-06-26 11:04:00
69,2018-06-26 14:00:00
70,2018-06-26 15:01:00
71,2018-06-26 16:49:00
72,2018-06-27 08:14:00
73,2018-06-27 10:48:00
74,2018-06-27 11:29:00
75,2018-06-27 14:08:00
76,2018-06-27 15:05:00
77,2018-06-27 16:36:00
78,2018-06-28 08:17:00
79,2018-06-28 10:42:00
80,2018-06-28 11:44:00
81,2018-06-28 14:30:00
82,2018-06-28 15:35:00
83,2018-06-28 16:17:00
84,2018-06-28 21:43:00
85,2018-06-28 22:25:00
86,2018-06-28 23:05:00
87,2018-06-29 08:25:00
88,2018-06-29 10:06:00
89,2018-06-29 11:28:00
90,2018-06-29 14:17:00
91,2018-06-29 15:35:00
92,2018-06-29 16:25:00
93,2018-06-29 21:30:00
94,2018-06-29 22:26:00
95,2018-06-29 23:39:00
96,2018-06-30 08:39:00
97,2018-06-30 10:03:00
98,2018-06-30 12:02:00
99,2018-06-30 14:26:00
100,2018-06-30 16:45:00
101,2018-06-30 18:17:00
102,2018-06-30 20:07:00
103,2018-07-01 08:47:00
104,2018-07-01 10:45:00
105,2018-07-01 12:26:00
106,2018-07-01 14:00:00
107,2018-07-01 16:46:00
108,2018-07-01 18:05:00
109,2018-07-01 20:19:00
110,2018-07-02 08:16:00
111,2018-07-02 10:42:00
112,2018-07-02 11:24:00
113,2018-07-02 14:25:00
114,2018-07-02 15:33:00
115,2018-07-02 16:27:00
116,2018-07-02 21:13:00
117,2018-07-02 22:33:00
118,2018-07-02 23:42:00
119,2018-07-03 08:43:00
120,2018-07-03 10:38:00
121,2018-07-03 11:09:00
122,2018-07-03 14:24:00
123,2018-07-03 15:36:00
124,2018-07-03 16:21:00
125,2018-07-03 21:16:00
126,2018-07-03 22:46:00
127,2018-07-03 23:35:00
128,2018-07-04 08:12:00
129,2018-07-04 10:13:00
130,2018-07-04 11:43:00
131,2018-07-04 14:27:00
132,2018-07-04 15:12:00
133,2018-07-04 16:49:00
134,2018-07-04 21:09:00
135,2018-07-04 22:29:00
136,2018-07-04 23:30:00
137,2018-07-05 08:16:00
138,2018-07-05 10:15:00
139,2018-07-05 11:29:00
140,2018-07-05 14:22:00
141,2018-07-05 15:39:00
142,2018-07-05 16:47:00
143,2018-07-05 21:08:00
144,2018-07-05 22:32:00
145,2018-07-05 23:16:00
146,2018-07-06 08:14:00
147,2018-07-06 10:12:00
148,2018-07-06 11:08:00
149,2018-07-06 14:07:00
150,2018-07-06 15:41:00
151,2018-07-06 16:04:00
152,2018-07-06 21:43:00
153,2018-07-06 22:02:00
154,2018-07-06 23:46:00
155,2018-07-07 08:47:00
156,2018-07-07 10:06:00
157,2018-07-07 12:05:00
158,2018-07-07 14:27:00
159,2018-07-07 16:21:00
160,2018-07-07 18:10:00
161,2018-07-07 20:34:00
162,2018-07-08 08:16:00
163,2018-07-08 10:44:00
164,2018-07-08 12:30:00
165,2018-07-08 14:34:00
166,2018-07-08 16:25:00
167,2018-07-08 18:06:00
168,2018-07-08 20:46:00
169,2018-07-09 08:00:00
170,2018-07-09 10:04:00
171,2018-07-09 11:09:00
172,2018-07-09 14:21:00
173,2018-07-09 15:30:00
174,2018-07-09 16:05:00
175,2018-07-09 21:25:00
176,2018-07-09 22:19:00
177,2018-07-09 23:48:00
178,2018-07-10 08:30:00
179,2018-07-10 10:29:00
180,2018-07-10 11:32:00
181,2018-07-10 14:04:00
182,2018-07-10 15:42:00
183,2018-07-10 16:08:00
184,2018-07-10 21:03:00
185,2018-07-10 22:16:00
186,2018-07-10 23:05:00
187,2018-07-11 08:13:00
188,2018-07-11 10:15:00
189,2018-07-11 11:29:00
190,2018-07-11 14:07:00
191,2018-07-11 15:03:00
192,2018-07-11 16:48:00
193,2018-07-11 21:01:00
194,2018-07-11 22:38:00
195,2018-07-11 23:34:00
196,2018-07-12 08:32:00
197,2018-07-12 10:45:00
198,2018-07-12 11:19:00
199,2018-07-12 14:27:00
200,2018-07-12 15:29:00
201,2018-07-12 16:13:00
202,2018-07-12 21:28:00
203,2018-07-12 22:03:00
204,2018-07-12 23:23:00
205,2018-07-13 08:35:00
206,2018-07-13 10:22:00
207,2018-07-13 11:20:00
208,2018-07-13 14:39:00
209,2018-07-13 15:35:00
210,2018-07-13 16:49:00
211,2018-07-13 21:44:00
212,2018-07-13 22:11:00
213,2018-07-13 23:15:00
214,2018-07-14 08:36:00
215,2018-07-14 10:05:00
216,2018-07-14 12:18:00
217,2018-07-14 14:44:00
218,2018-07-14 16:34:00
219,2018-07-14 18:15:00
220,2018-07-14 20:10:00
221,2018-07-15 08:40:00
222,2018-07-15 10:22:00
223,2018-07-15 12:47:00
224,2018-07-15 14:32:00
225,2018-07-15 16:38:00
226,2018-07-15 18:22:00
227,2018-07-15 20:08:00
228,2018-07-16 08:02:00
229,2018-07-16 10:16:00
230,2018-07-16 11:15:00
231,2018-07-16 14:14:00
232,2018-07-16 15:09:00
233,2018-07-16 16:10:00
234,2018-07-16 21:45:00
235,2018-07-16 22:11:00
236,2018-07-16 23:06:00
237,2018-07-17 08:05:00
238,2018-07-17 10:21:00
239,2018-07-17 11:37:00
240,2018-07-17 14:30:00
241,2018-07-17 15:35:00
242,2018-07-17 16:31:00
243,2018-07-17 21:44:00
244,2018-07-17 22:10:00
245,2018-07-17 23:44:00
246,2018-07-18 08:22:00
247,2018-07-18 10:00:00
248,2018-07-18 11:11:00
249,2018-07-18 14:21:00
250,2018-07-18 15:29:00
251,2018-07-18 16:49:00
252,2018-07-18 21:32:00
253,2018-07-18 22:02:00
254,2018-07-18 23:17:00
255,2018-07-19 08:18:00
256,2018-07-19 10:10:00
257,2018-07-19 11:03:00
258,2018-07-19 14:24:00
259,2018-07-19 15:22:00
260,2018-07-19 16:36:00
261,2018-07-19 21:07:00
262,2018-07-19 22:05:00
263,2018-07-19 23:41:00
264,2018-07-20 08:49:00
265,2018-07-20 10:32:00
266,2018-07-20 11:12:00
267,2018-07-20 14:36:00
268,2018-07-20 15:28:00
269,2018-07-20 16:28:00
270,2018-07-20 21:26:00
271,2018-07-20 22:40:00
272,2018-07-20 23:04:00
273,2018-07-21 08:48:00
274,2018-07-21 10:43:00
275,2018-07-21 12:39:00
276,2018-07-21 14:20:00
277,2018-07-21 16:36:00
278,2018-07-21 18:30:00
279,2018-07-21 20:40:00
280,2018-07-22 08:20:00
281,2018-07-22 10:36:00
282,2018-07-22 12:37:00
283,2018-07-22 14:46:00
284,2018-07-22 16:39:00
285,2018-07-22 18:42:00
286,2018-07-22 20:07:00
287,2018-07-23 08:10:00
288,2018-07-23 10:23:00
289,2018-07-23 11:47:00
290,2018-07-23 14:23:00
291,2018-07-23 15:25:00
292,2018-07-23 16:15:00
293,2018-07-23 21:48:00
294,2018-07-23 22:18:00
295,2018-07-23 23:13:00
296,2018-07-24 08:26:00
297,2018-07-24 10:02:00
298,2018-07-24 11:10:00
299,2018-07-24 14:34:00
300,2018-07-24 15:21:00
301,2018-07-24 16:47:00
302,2018-07-24 21:41:00
303,2018-07-24 22:32:00
304,2018-07-24 23:45:00
305,2018-07-25 08:05:00
306,2018-07-25 10:05:00
307,2018-07-25 11:33:00
308,2018-07-25 14:13:00
309,2018-07-25 15:43:00
310,2018-07-25 16:05:00
311,2018-07-25 21:38:00
312,2018-07-25 22:03:00
313,2018-07-25 23:32:00
314,2018-07-26 08:34:00
315,2018-07-26 10:01:00
316,2018-07-26 11:16:00
317,2018-07-26 14:11:00
318,2018-07-26 15:10:00
319,2018-07-26 16:01:00
320,2018-07-26 21:27:00
321,2018-07-26 22:10:00
322,2018-07-26 23:43:00
323,2018-07-27 08:46:00
324,2018-07-27 10:12:00
325,2018-07-27 11:39:00
326,2018-07-27 14:04:00
327,2018-07-27 15:08:00
328,2018-07-27 16:06:00
329,2018-07-27 21:36:00
330,2018-07-27 22:19:00
331,2018-07-27 23:07:00
332,2018-07-28 08:15:00
333,2018-07-28 10:02:00
334,2018-07-28 12:19:00
335,2018-07-28 14:11:00
336,2018-07-28 16:29:00
337,2018-07-28 18:39:00
338,2018-07-28 20:31:00
339,2018-07-29 08:07:00
340,2018-07-29 10:40:00
341,2018-07-29 12:19:00
342,2018-07-29 14:21:00
343,2018-07-29 16:49:00
344,2018-07-29 18:26:00
345,2018-07-29 20:04:00
346,2018-07-30 08:07:00
347,2018-07-30 10:24:00
348,2018-07-30 11:39:00
349,2018-07-30 14:19:00
350,2018-07-30 15:27:00
351,2018-07-30 16:36:00
352,2018-07-30 21:10:00
353,2018-07-30 22:35:00
354,2018-07-30 23:49:00
355,2018-07-31 08:04:00
356,2018-07-31 10:13:00
357,2018-07-31 11:31:00
358,2018-07-31 14:07:00
359,2018-07-31 15:37:00
360,2018-07-31 16:23:00
361,2018-07-31 21:39:00
362,2018-07-31 22:26:00
363,2018-07-31 23:11:00
364,2018-08-01 08:25:00
365,2018-08-01 10:25:00
366,2018-08-01 11:25:00
367,2018-08-01 14:29:00
368,2018-08-01 15:10:00
369,2018-08-01 16:35:00
370,2018-08-01 21:04:00
371,2018-08-01 22:11:00
372,2018-08-01 23:15:00
373,2018-08-02 08:20:00
374,2018-08-02 10:04:00
375,2018-08-02 11:43:00
376,2018-08-02 14:49:00
377,2018-08-02 15:09:00
378,2018-08-02 16:35:00
379,2018-08-02 21:31:00
380,2018-08-02 22:46:00
381,2018-08-02 23:06:00
382,2018-08-03 08:04:00
383,2018-08-03 10:05:00
384,2018-08-03 11:26:00
385,2018-08-03 14:21:00
386,2018-08-03 15:00:00
387,2018-08-03 16:43:00
388,2018-08-03 21:29:00
389,2018-08-03 22:41:00
390,2018-08-03 23:19:00
391,2018-08-04 08:15:00
392,2018-08-04 10:00:00
393,2018-08-04 12:30:00
394,2018-08-04 14:36:00
395,2018-08-04 16:38:00
396,2018-08-04 18:25:00
397,2018-08-04 20:11:00
398,2018-08-06 08:18:00
399,2018-08-06 10:04:00
400,2018-08-06 11:34:00
401,2018-08-06 14:43:00
402,2018-08-06 15:24:00
403,2018-08-06 16:10:00
404,2018-08-07 08:15:00
405,2018-08-07 10:46:00
406,2018-08-07 11:27:00
407,2018-08-07 14:08:00
408,2018-08-07 15:40:00
409,2018-08-07 16:23:00
410,2018-08-08 08:15:00
411,2018-08-08 10:38:00
412,2018-08-08 11:03:00
413,2018-08-08 14:48:00
414,2018-08-08 15:36:00
415,2018-08-08 16:30:00
416,2018-08-09 08:28:00
417,2018-08-09 10:03:00
418,2018-08-09 11:11:00
419,2018-08-09 14:04:00
420,2018-08-09 15:35:00
421,2018-08-09 16:44:00
422,2018-08-10 08:17:00
423,2018-08-10 10:15:00
424,2018-08-10 11:07:00
425,2018-08-10 14:46:00
426,2018-08-10 15:14:00
427,2018-08-10 16:38:00
428,2018-08-13 08:31:00
429,2018-08-13 10:35:00
430,2018-08-13 11:42:00
431,2018-08-13 14:18:00
432,2018-08-13 15:39:00
433,2018-08-13 16:44:00
434,2018-08-14 08:43:00
435,2018-08-14 10:46:00
436,2018-08-14 11:30:00
437,2018-08-14 14:37:00
438,2018-08-14 15:08:00
439,2018-08-14 16:07:00
440,2018-08-15 08:29:00
441,2018-08-15 10:09:00
442,2018-08-15 11:05:00
443,2018-08-15 14:14:00
444,2018-08-15 15:06:00
445,2018-08-15 16:25:00
446,2018-08-16 08:48:00
447,2018-08-16 10:48:00
448,2018-08-16 11:49:00
449,2018-08-16 14:13:00
450,2018-08-16 15:45:00
451,2018-08-16 16:10:00
452,2018-08-17 08:07:00
453,2018-08-17 10:18:00
454,2018-08-17 11:32:00
455,2018-08-17 14:16:00
456,2018-08-17 15:09:00
457,2018-08-17 16:17:00
458,2018-08-20 08:20:00
459,2018-08-20 10:13:00
460,2018-08-20 11:12:00
461,2018-08-20 14:33:00
462,2018-08-20 15:08:00
463,2018-08-20 16:32:00
464,2018-08-21 08:41:00
465,2018-08-21 10:42:00
466,2018-08-21 11:30:00
467,2018-08-21 14:34:00
468,2018-08-21 15:44:00
469,2018-08-21 16:38:00
